filename,num_tables,total_qas,mean,median,stdev
fetaqa_test.csv,1946,2003,1.029291,1.000000,0.183226
fetaqa_train_7325.csv,6928,7325,1.057304,1.000000,0.262739
hitab_test.csv,532,1584,2.977444,1.000000,3.323342
hitab_train_7417.csv,2410,7417,3.077593,2.000000,3.533273
hybridqa_eval.csv,3185,3466,1.088226,1.000000,0.318063
wikisql_test.csv,6050,15878,2.624463,2.000000,1.632965
wikitq_test.csv,1018,4344,4.267191,1.000000,5.008375
ALL,22069,42017,1.903892,1.000000,2.126852
