dataset,mean,median,std,min,max,count
fetaqa_test,0.6240157950344091,0.6243200898170471,0.12715241267442903,0.1819594055414199,0.9321932792663574,1946
fetaqa_train_7325,0.6186182723148332,0.6257883012294769,0.13130078632254136,0.0901052132248878,0.9663232564926147,6928
hitab_test,0.4942391455117473,0.4843166321516037,0.1635921949393151,0.118116021156311,0.876761794090271,532
hitab_train_7417,0.48843724486336915,0.4826555550098419,0.161291197653728,0.0238527357578277,0.8584068417549133,2410
hybridqa_eval,0.37543886438351315,0.3787263035774231,0.12550432767516073,-0.0453187078237533,0.7571101188659668,3185
wikisql_test,0.5251633323630518,0.5384876430034637,0.1490596786699702,0.0354159325361251,0.8870730400085449,6050
wikitq_test,0.4331371643651855,0.42965713143348694,0.16674297191563225,0.0435693748295307,0.8480546474456787,1018
ALL_FILES,0.5326084412727721,0.5465739369392395,0.16525474643933266,-0.0453187078237533,0.9663232564926147,22069
