dataset,mean,median,std,min,max
wikisql_test,0.4323126338034003,0.43566334247589106,0.13275573176202238,-0.0387625209987163,0.8397369384765625
fetaqa_train_7325,0.5383368505725682,0.5469070672988892,0.15232463070803004,-0.1416846513748169,0.9116909503936768
hybridqa_eval,0.3611647663315553,0.36262498795986176,0.12424406741071503,-0.0408628061413764,0.7525830864906311
hitab_train_7417,0.506949657385539,0.5191277861595154,0.14435228438199496,-0.0197506677359342,0.8605445623397827
hitab_test,0.5181523823235749,0.5369535982608795,0.14747127717934602,0.0771150887012481,0.8700989484786987
wikitq_test,0.3852922960519396,0.391039028763771,0.13188513172858626,-0.0204266179352998,0.7514644861221313
fetaqa_test,0.5376744587616032,0.5419617891311646,0.13958163382976455,0.0548201650381088,0.8965670466423035
